User Id,Name,Screen Name,Created At,Followers,Following,Favorites,Tweets,Lists,Language,Bio,Location,URL,Timezone,UTC Offset,Verified
30354991,Kamala Harris,KamalaHarris,Sat Apr 11 00:42:07 +0000 2009,2772586,720,282,11252,12402,,"U.S. Senator and candidate for president. Wife, Momala, Auntie. Fighting for the people. No corporate PACs, just people like you. Text JOIN to 70785 to join us.",California,http://t.co/IbL01p7pYJ,,,1
87510313,Tammy Baldwin,tammybaldwin,Wed Nov 04 19:20:25 +0000 2009,48706,4581,15,4716,1328,,Campaign account for Senator Tammy Baldwin. Tweets by staff. Tweets from Tammy signed ‚Äî TB.,Wisconsin,https://t.co/Ub0vOuchNn,,,1
16224459,Equality California,eqca,Wed Sep 10 17:50:34 +0000 2008,32217,1624,3367,19525,890,,Equality California is the nation‚Äôs largest statewide #LGBTQ civil rights organization. Executive Director: @rick_zbur // Spox: @sgarrettpate,California,https://t.co/6k61RzrjA5,,,1
205864193,Hardball,hardball,Thu Oct 21 19:32:51 +0000 2010,436796,765,479,53986,2345,,Hardball with Chris Matthews is hosted by @HardballChris. Like us on Facebook and follow us on Instagram. Join the conversation with #Hardball.,"Washington, D.C.",https://t.co/AyDhXmdr7s,,,1
15554922,CAP Action üè≥Ô∏è‚Äçüåà,CAPAction,Wed Jul 23 03:36:34 +0000 2008,63038,6163,685,49014,2290,,Hard-hitting news + analysis paired with action on the issues that matter most. Working alongside @AmProg & @ThinkProgress.,,http://t.co/PoAJevCiwb,,,1
110396781,AJ+,ajplus,Mon Feb 01 11:53:42 +0000 2010,1030007,366,2293,70771,10281,,"AJ+ is news for the connected generation, sharing human struggles and challenging the status quo.",,http://t.co/ajmT5k7yEI,,,1
990994414603468801,Demand Justice,WeDemandJustice,Mon Apr 30 16:40:55 +0000 2018,15605,597,851,2237,159,,It all comes down to the courts.,"Washington, DC",https://t.co/AbIOnZmEtO,,,0
991721030631780354,Jahana Hayes,JahanaHayesCT,Wed May 02 16:48:13 +0000 2018,26738,164,1361,1124,326,,CT 5th Congressional District Congresswoman,"Waterbury, CT",https://t.co/M3SQ8jj5UE,,,1
815733290955112448,Rep. Pramila Jayapal,RepJayapal,Mon Jan 02 01:35:46 +0000 2017,152846,2652,9467,15282,1734,,"Congresswoman & lifelong organizer. Proudly serving WA-07. Co-Chair of @USProgressives, Member of @HouseJudiciary, @EdLaborCmte and @HouseBudgetDems.","Seattle, WA",https://t.co/bFjm8t92H0,,,1
14411304,The Sacramento Bee,sacbee_news,Wed Apr 16 18:44:06 +0000 2008,215833,199,292,243109,2983,,"Official account of The Sacramento Bee in California. News, sports, entertainment, politics.","Sacramento, CA",http://t.co/UZLsyykb0p,,,1
164764113,Michaela Cornell,mcpublic,Fri Jul 09 18:01:37 +0000 2010,697,1816,2632,9783,20,,PR Publishing Professional. Opinions expressed here are exclusively mine. Tinkers to Evers to Chance. She/her.,Toronto,https://t.co/YWT8flANpQ,,,0
28785486,ABC News,ABC,Sat Apr 04 12:40:32 +0000 2009,14369283,537,39,256842,56424,,"All the news and information you need to see, curated by the @ABC News team. https://t.co/PKeobr4xt0 Tips: https://t.co/2ICEX6CuXd",New York City / Worldwide,https://t.co/7mnR2AtpOn,,,1
14426645,Netroots Nation,Netroots_Nation,Thu Apr 17 22:27:46 +0000 2008,20290,5503,3088,10126,829,,"The largest annual gathering of progressives in the US. Join us in Philadelphia, July 11-13, 2019. #NN19",The Internets,https://t.co/2AnzvY5Z2Q,,,0
1289321,East Bay Times,EastBayTimes,Fri Mar 16 14:25:08 +0000 2007,60184,1095,37,140667,1438,,"Winner of the 2017 Pulitzer Prize for Breaking News Reporting. See the latest news from throughout the East Bay, including Contra Costa and Alameda counties.",East Bay,https://t.co/XM1wLu7oQ3,,,1
244655353,David Axelrod,davidaxelrod,Sat Jan 29 20:34:55 +0000 2011,1138963,663,118,11412,10864,,"Director, UChicago Institute of Politics. Senior Political Commentator @CNN. Author, Believer: My Forty Years in Politics. Host of The Axe Files podcast and TV.",,,,,1
13393052,ACLU,ACLU,Tue Feb 12 16:27:34 +0000 2008,1625771,5671,19677,46088,15411,,"The ACLU is a nonprofit, nonpartisan, legal and advocacy 501(c)(4) organization. Visit our site for more about us and our affiliated org, the ACLU Foundation.",All 50 states,https://t.co/AF1gbNeaRA,,,1
341560822,James Smith for South Carolina,JamesSmithforSC,Sun Jul 24 15:31:45 +0000 2011,5602,452,3054,3440,68,,For those who seek #ABetterSC for all @JamesSmithSC #DumSpiroSpero,"South Carolina, USA",https://t.co/HUWoQchVkt,,,1
1058520120,Tammy Duckworth,SenDuckworth,Thu Jan 03 18:59:33 +0000 2013,547516,6885,396,5835,3180,,"Official Twitter account for U.S. Senator Tammy Duckworth. For more information, visit",,https://t.co/LDObT9hkrZ,,,1
57362673,Cristian Farias,cristianafarias,Thu Jul 16 15:34:24 +0000 2009,14376,976,22544,61100,460,,I write about law and justice issues for the @nytimes editorial board. | Hablo y pienso en espa√±ol.,"New York, NY",https://t.co/rqX8gyfCWH,,,1
410249471,UltraViolet,UltraViolet,Fri Nov 11 21:06:18 +0000 2011,33213,7394,8068,19096,750,,Equality at a higher frequency,United States,https://t.co/lft4oV91lK,,,1
34113439,Sierra Club,SierraClub,Wed Apr 22 00:42:18 +0000 2009,351444,5028,6792,121346,6989,,"Since 1892, the Sierra Club has been working to protect communities, wild places, and the planet itself",,,,,1
820698763626844160,Women's March Foundation,wmnsmarchla,Sun Jan 15 18:26:47 +0000 2017,4798,4291,2131,3036,45,,"Women‚Äôs March Foundation, organizing the Women‚Äôs March Los Angeles since 2016. Standing up for women‚Äôs rights & smashing patriarchy. üá∫üá∏üá∫üá∏üá∫üá∏","Los Angeles, CA",https://t.co/oK9Qd4wuKf,,,1
822131894540083201,Vanita Gupta,vanitaguptaCR,Thu Jan 19 17:21:32 +0000 2017,54221,492,1933,5193,634,,"President and CEO of The Leadership Conference on Civil and Human Rights, @civilrightsorg. Former head of USDOJ Civil Rights Division. Views my own.",,https://t.co/ulLMnffjlQ,,,1
967027984426242053,Fred Guttenberg,fred_guttenberg,Fri Feb 23 13:26:52 +0000 2018,185628,747,13909,11785,654,,"My daughter is Jaime Guttenberg.   She was murdered in Parkland Florida on February 14, 2018.  I will dedicate the rest of my life to the cause of gun safety.","Parkland, FL",https://t.co/cGz1fszdOQ,,,1
454313925,National Weather Service,NWS,Tue Jan 03 21:24:25 +0000 2012,2756894,304,2680,22298,8513,,Official Twitter account for NOAA's National Weather Service. Details: http://t.co/mRyGMdRYT3,United States,http://t.co/UDExAKE2TP,,,1
61853389,Dept. of Agriculture,USDA,Fri Jul 31 19:29:19 +0000 2009,630079,2741,4417,18106,7327,,"Leadership on #food, #agriculture, natural resources, #rural development, #nutrition, & related issues based on public policy, science, & effective management.","Washington, DC",https://t.co/oz0QROB12D,,,1
16669075,FEMA,fema,Thu Oct 09 16:54:20 +0000 2008,746354,688,3284,16239,10890,,"Our story of supporting citizens & first responders before, during, and after emergencies. For emergencies, call your local fire/EMS/police or 9-1-1.",United States,https://t.co/pJoesev0fm,,,1
260759782,Douglas Emhoff,douglasemhoff,Fri Mar 04 14:56:34 +0000 2011,52584,470,110,648,173,,"dad, @kamalaharris hubby/stan, lawyer, wannabe golfer",,https://t.co/qrX2pFFjU8,,,0
57017317,SCEMD,SCEMD,Wed Jul 15 13:37:56 +0000 2009,48356,1288,4785,7066,1132,,Official information from the South Carolina Emergency Management Division. #sctweets #smem #scwx #KnowYourZone #TwitterAlerts #scflood #SCEmergency,South Carolina,https://t.co/FuJntGck05,,,1
63262233,EMILY's List,emilyslist,Wed Aug 05 21:27:13 +0000 2009,157317,2647,5082,47139,2779,,We ignite change by getting pro-choice Democratic women elected to office.,"Washington, DC",http://t.co/l3rZdJQuoe,,,1
17134268,CBS This Morning,CBSThisMorning,Mon Nov 03 17:05:29 +0000 2008,371850,2749,10033,125238,4375,,News that matters. Original reporting. Every morning. #CTM,United States,https://t.co/6D6oTC6fgL,,,1
143103639,Team Claire,McCaskill4MO,Wed May 12 16:03:53 +0000 2010,6696,665,259,2471,165,,The official Twitter account for McCaskill for Missouri | #TeamClaire,Missouri,https://t.co/8aDTG7BfDP,,,1
18677951,RAINN,RAINN,Tue Jan 06 15:00:02 +0000 2009,70474,2842,5910,12808,1307,,Nation's largest anti-sexual violence org. Helping survivors via National Sexual Assault Hotline (800.656.4673) & DoD Safe Helpline (https://t.co/1ujoMgVV0s),"Washington, DC",http://t.co/gHBdKLb2dm,,,1
24768753,Sherrod Brown,SherrodBrown,Mon Mar 16 21:01:17 +0000 2009,67767,5235,161,6039,1284,,Grandfather. Dad. @ConnieSchultz‚Äôs partner. Indians fan. Proud Ohioan & United States Senator.,Ohio,https://t.co/Dq8GTJzC7w,,,1
71245831,FL Division of Emergency Management,FLSERT,Thu Sep 03 12:56:31 +0000 2009,31308,834,1203,10678,1194,,"The FL Division of Emergency Management is the lead consequence management agency for the State Emergency Response Team (SERT).  For local emergency, call 911.",Florida,http://t.co/B7c0MqhnrJ,,,1
2388069542,Eleni Kounalakis,EleniForCA,Thu Mar 13 23:35:50 +0000 2014,4626,348,1019,1995,97,,"CA Lt Governor, Businesswoman. @BarackObama's fmr Ambassador to Hungary. Mom. Traveled to 58 counties in CA bldg a people powered campaign. My tweets are my own","California, USA",https://t.co/ZCHnwflVaa,,,1
465046121,Andrew Gillum,AndrewGillum,Sun Jan 15 22:17:54 +0000 2012,595434,990,5684,7846,2127,,Father of three. Husband to R. Jai. Proud Floridian.,"Tallahassee, Florida",https://t.co/ZKcegRgRW1,,,1
2359557667,Caroline Cummings,CaroRCummings,Mon Feb 24 14:04:06 +0000 2014,2000,1368,3581,6392,76,,"Covering Iowa politics and #ialegis for @cbs2iowa, @SiouxlandNews, @KHQA, @KTVOTV @fox42kptm. D.C. native. Proud @merrillcollege Terp. Breakfast food fanatic.","Des Moines, IA",https://t.co/k80l7aBzEg,,,1
15259258,Casey Tolan,caseytolan,Sat Jun 28 00:29:40 +0000 2008,5303,2250,5239,7783,192,,"Politics reporter for @MercNews/@EastBayTimes, covering California & the Trump administration. Formerly national reporter at Fusion. ctolan@bayareanewsgroup.com","Oakland, CA",https://t.co/Bv7nXoh3X6,,,1
2314055840,Maya Harris,mayaharris_,Mon Jan 27 17:57:56 +0000 2014,66096,641,3292,3922,576,,"Mom, wife, grandma, sister, lawyer, advocate for equality & justice | @KamalaHarris #ForThePeople",CA‚ÜîNYC‚ÜîDC‚ÜîBaltimore!,https://t.co/exeBSOb1Ch,,,1
298109087,Johnny Verhovek,JTHVerhovek,Fri May 13 18:15:33 +0000 2011,3555,5875,1736,15896,148,,"Political Reporter for @ABC covering 2020 | @Georgetown grad | Of the PNW, Seahawks, Mariners enthusiast | john.h.verhovek@abc.com","Washington, D.C.",https://t.co/pcAOFmMRSY,,,1
109974187,Zach Wahls,ZachWahls,Sat Jan 30 22:28:38 +0000 2010,46142,1229,11318,31801,490,,"Iowa Senator | Co-founder @scouts4equality & #TheWomanCards | Fan of @ChloeAngyal, Iowa, the @Packers, the Hawkeyes & the Republic.","Coralville, IA",https://t.co/ogPuGVztwx,,,1
29450962,John Lewis,repjohnlewis,Tue Apr 07 13:49:52 +0000 2009,1066568,145,1840,1937,5865,,"Congressman, Georgia's Fifth Congressional District","Atlanta, GA",http://t.co/jkhd3kZYNd,,,1
555355209,Bill Nelson,NelsonForSenate,Mon Apr 16 17:10:06 +0000 2012,14468,456,15,895,247,,Bill Nelson is a fifth-generation Floridian and an independent voice that always puts Florida first.,"Florida, USA",https://t.co/kE4uPKMAmp,,,1
43638469,Ben Jealous,BenJealous,Sun May 31 04:07:23 +0000 2009,105140,10427,16031,14837,1700,,Father & Son. Brother & Friend. Entrepreneur & Advocate.,"Maryland, USA",,,,1
51241574,The Associated Press,AP,Fri Jun 26 21:48:52 +0000 2009,13376074,7131,2282,245761,94918,,"News from The Associated Press, and a taste of the great journalism produced by AP members and customers. Managed 24/7 by these editors: https://t.co/D0hLCc7ShX",Global,https://t.co/48pFaJVRcr,,,1
14720319,Red Cross Los Angeles,RedCrossLA,Sat May 10 01:56:58 +0000 2008,8670,7215,10796,16157,386,,Official account of the Red Cross LA Region. Serving over 10 million people in 88 cities & helping people everywhere affected by disasters large & small.,"Los Angeles, CA",https://t.co/etvqmHil0C,,,1
467709997,VCFD PIO,VCFD_PIO,Wed Jan 18 19:23:30 +0000 2012,41889,405,2186,6258,636,,"Public Information Officer, Ventura County Fire Department. Tweeting breaking news and information relevent to Ventura County","Ventura County, CA",https://t.co/1tH0FolgY6,,,1
14885540,KQED News,KQEDnews,Fri May 23 19:31:54 +0000 2008,39702,997,2745,72588,1380,,"Where facts matter, stories empower and bold conversations begin.","San Francisco, California",http://t.co/IfyFHkxUAZ,,,1
21249970,CAL FIRE,CAL_FIRE,Wed Feb 18 22:36:09 +0000 2009,285011,59,852,13973,3144,,Official Twitter Account of CAL FIRE,"Sacramento, CA",,,,1
18487522,FEMA Region 9,femaregion9,Tue Dec 30 20:34:59 +0000 2008,80117,839,2948,7622,1229,,"We serve AZ, CA, HI, NV, and the Pacific Islands providing FEMA mission-related information. For emergencies, call your local fire/EMS/police or 9-1-1.",San Francisco Bay Area,https://t.co/mPPmoMBdWT,,,1
759251,CNN,CNN,Fri Feb 09 00:35:02 +0000 2007,42172587,1108,1437,248975,138555,,It‚Äôs our job to #GoThere & tell the most difficult stories. Join us! For more breaking news updates follow @CNNBRK  & Download our app ?https://t.co/UCHG9M367J,,http://t.co/IaghNW8Xm2,,,1
596687292,NWS Bay Area,NWSBayArea,Fri Jun 01 16:34:16 +0000 2012,51104,412,12337,36736,1525,,Official Twitter account for the National Weather Service San Francisco Bay Area. Details: http://t.co/mRyGMe9zKB,"San Francisco, CA",https://t.co/yQeqAIgKn7,,,1
16374678,ABC7 Eyewitness News,ABC7,Sat Sep 20 04:22:30 +0000 2008,1081910,450,3282,194648,6519,,"Your #1 breaking news source in Southern California. When you witness news, share it with #abc7eyewitness.",,https://t.co/wA2krgJd0y,,,1
31013444,Ayanna Pressley,AyannaPressley,Tue Apr 14 01:06:07 +0000 2009,296384,14016,10208,19235,1808,,"Change can‚Äôt wait. History-making Boston City Councilor who ran to be a champion & advocate in Congress. Congresswoman, MA 7th Congressional District","Dorchester, MA",https://t.co/CiUeOmggQ1,,,1
893928720,LiveDoppler7,LiveDoppler7,Sat Oct 20 20:01:29 +0000 2012,6735,144,60,38043,200,,"ABC7‚Äôs Live Doppler 7 is the most powerful radar in the Bay Area. Follow to get weather forecasts, severe weather updates, fun weather facts and more!",San Francisco Bay Area,http://t.co/5Em3CAoYjP,,,1
327507749,KRCR News Channel 7,KRCR7,Fri Jul 01 17:45:49 +0000 2011,17958,668,462,24909,353,,Up-to-date news in Northern California #SevereWeather | https://t.co/kwoUgEmRBY #GTFR Get The Facts Right | https://t.co/R8xyGAhvDn,Redding | Chico | Red Bluff ,https://t.co/R8xyGAhvDn,,,1
263329810,Brandi Hitt,ABC7Brandi,Wed Mar 09 20:57:43 +0000 2011,7294,365,11340,7154,203,,Emmy award-winning journalist. Reporter and anchor for ABC7 Los Angeles. Pizza lover. Library fan. Lucky wife & mother.,Los Angeles,https://t.co/6KiOhy3WD3,,,1
503505797,Brian Rice,RiceBriank,Sat Feb 25 20:26:32 +0000 2012,791,1471,251,95,5,,President California Professional Firefighters,"California, USA",,,,0
24703826,Steven Portnoy,stevenportnoy,Mon Mar 16 15:04:36 +0000 2009,26086,1878,2053,19800,866,,"Broadcaster, law wonk covering the White House for @CBSNewsRadio, helping Americans understand what their government is doing in their name with their money.","Washington, DC",https://t.co/yMmyUwo4Pt,,,1
107120201,MSNBC Public Relations,MSNBCPR,Thu Jan 21 16:18:30 +0000 2010,11931,583,107,6786,318,,"The official Twitter feed of @MSNBC Public Relations. Follow us for the latest news, exclusives & a behind-the-scenes look at MSNBC.",,https://t.co/hmQONSQz0v,,,1
909779501546164224,Get America Covered,GetUSCovered,Mon Sep 18 14:01:50 +0000 2017,9417,14,10,798,86,,Get America Covered helps people looking for health insurance get covered and stay covered.,"Washington, DC",https://t.co/atShzAKWfS,,,1
826589191412862976,Joe Cunningham,JoeCunninghamSC,Wed Feb 01 00:33:15 +0000 2017,28059,1336,373,1693,289,,"Congressman for #SC01. Dad, Husband, problem solver. Fan of local craft beer. No corporate PAC money. Fighting to protect our coastline. #LowcountryOverParty","Charleston, SC",https://t.co/pVa5hyKt8Y,,,1
14360757,Penguin Random House,penguinrandom,Fri Apr 11 13:32:43 +0000 2008,1254184,25985,6082,37882,12377,,"Penguin Random House is the world's largest English language trade publisher. We love to chat about books & writing. bookworms, unite!","New York City, NY",https://t.co/pliDmpzZCm,,,1
16686144,New York Times Opinion,nytopinion,Fri Oct 10 17:32:53 +0000 2008,693834,1413,4053,150997,7807,,We amplify voices on the issues that matter to you. | Tell us what you think: letters@nytimes.com,"NYC, London, Paris, Hong Kong",https://t.co/oy7Q8cSQqk,,,1
1176994477,The Lead CNN,TheLeadCNN,Wed Feb 13 22:17:40 +0000 2013,152532,384,207,27736,1798,,The Lead with @jaketapper airs at 4pm ET on CNN.,,http://t.co/Ioy35ZzEhw,,,1
2835886194,The Late Show,colbertlateshow,Tue Sep 30 17:13:22 +0000 2014,722516,1232,10531,22695,3428,,Official feed of The Late Show with @StephenAtHome on @CBS #LSSC,Weeknights | 11:35/10:35c,https://t.co/YTzFH21e5t,,,1
2434051392,Symone D. Sanders,SymoneDSanders,Tue Apr 08 18:27:41 +0000 2014,200159,6220,15701,13411,1896,,Sr. Advisor @JoeBiden. Principal 360 Group LLC. Formerly @PrioritiesUSA & @berniesanders. Rabid Feminist. #NebraskaBred Join us at: https://t.co/ZYfpWKKOem,On a plane,https://t.co/OGJieqcho6,,,1
2836421,MSNBC,MSNBC,Thu Mar 29 13:15:41 +0000 2007,2505563,636,672,169503,22550,,"The place for in-depth analysis, political commentary and informed perspectives.",,https://t.co/5TAF6ijWwt,,,1
250685026,Howard U Alumni,HowardUAlumni,Fri Feb 11 15:59:41 +0000 2011,1846,553,545,2034,27,,Official Twitter account for the Department of Development and Alumni Relations at @HowardU. #HUBison,"Washington, DC",https://t.co/9kGR4kfcB0,,,0
44177383,Gabrielle Giffords,GabbyGiffords,Tue Jun 02 18:43:03 +0000 2009,270773,6163,692,3858,4186,,Proudly served Arizona's 8th District in the United States Congress 2007-2012. Co-founded @GiffordsCourage. Married to @ShuttleCDRKelly.,"Tucson, Arizona",https://t.co/NB3NWyKEQV,,,1
17036898,L.A. Times: L.A. Now,LANow,Wed Oct 29 05:55:55 +0000 2008,519770,603,453,107045,4078,,Southern California -- this just in. News from L.A. and beyond from the Los Angeles Times. See @latimes for more news.,"Los Angeles, CA",https://t.co/6k4qSdf5J8,,,1
138203134,Alexandria Ocasio-Cortez,AOC,Wed Apr 28 22:38:40 +0000 2010,4535799,1509,14005,8311,12731,,"Congresswoman for NY-14 (the Bronx & Queens). In a modern, moral, and wealthy society, no American should be too poor to live. üíØ% People-Funded, no lobbyistüí∞.","Bronx + Queens, NYC",https://t.co/BYjH4stRnI,,,1
463053212,The Culinary Union,Culinary226,Fri Jan 13 17:30:11 +0000 2012,8918,587,221,26243,210,,"The Culinary Union represents 60,000 workers in NV who work at hotels/casinos on the Strip/Downtown. The Culinary Union is the largest local of @UNITEHERE.","Las Vegas, Nevada",https://t.co/QTrkII6SIy,,,1
1080516116395499522,Rep. Sharice Davids,RepDavids,Wed Jan 02 17:28:11 +0000 2019,46389,348,404,472,365,,Proud to represent #KS03 in the United States Congress.,"Kansas, USA",https://t.co/hd4ry6hCni,,,1
245424983,Randi Weingarten,rweingarten,Mon Jan 31 17:30:51 +0000 2011,90928,3018,2241,127742,2017,,"President, AFT- a union of professionals,over 100 years old & committed to public schooling,health care & public services 4 our children, families & communities","Washington, DC",https://t.co/h2s3sxrVeY,,,1
45573874,AFT,AFTunion,Mon Jun 08 14:19:29 +0000 2009,57294,1568,5618,62222,1257,,"We're 1.7 million teachers, paraprofessionals/school-related personnel, higher ed faculty, gov't employees, & healthcare workers making a difference every day.","Washington, DC",https://t.co/h2s3sxrVeY,,,1
2613691501,Lily Eskelsen Garc√≠a,Lily_NEA,Wed Jul 09 14:43:32 +0000 2014,23640,11153,4579,8706,399,,"Official account of the president of the National Education Association. Utah teacher of the year, author, maestra and rabble rouser!",,http://t.co/CQanlZSYD8,,,1
14526877,Gabe Ort√≠z,TUSK81,Fri Apr 25 14:22:31 +0000 2008,44448,1637,95066,77270,1193,,"Staff writer, @DailyKos. Bylines: @Univision, @PRI, @WashingtonPost. Immigrant rights, LGBT+ rights. Cancer survivor. Catlady. Views here are my own.","San Francisco, CA",https://t.co/U7HRbkUkbQ,,,1
1021956116018806785,2020mayorpete2020 Emily ü§òüèª,Musicals_freak,Wed Jul 25 03:11:39 +0000 2018,49,107,6471,1634,2,,I love music and musicals and a weird array of tv shows üòå,,,,,0
275872216,Unmastered,Mr_Aaron_Jordan,Sat Apr 02 05:19:00 +0000 2011,629,998,12700,26001,7,,Auburn University | Black | Joyful yet Tired | Relentlessly Forward,,,,,0
67737569,Dan Arguedas,danarguedas,Fri Aug 21 22:25:35 +0000 2009,31,115,52,109,1,,"GenX. Married a teacher, dad to young shorthaired pointer. @uoregon back in the day. Engineer, but enjoy literature, trail running, chukar hunting & Ashtanga.","Boise, Idaho",https://t.co/wrYdHa71Vm,,,0
344857967,Alvin Clayton Pope,ACPopeMusic,Fri Jul 29 18:02:02 +0000 2011,12798,8038,54390,10933,163,,"Recording Artist, Producer, Composer, Educator, Arr. & Multi-instrumentalist- Cool & Smooth with a twist of Jazz! https://t.co/Mx1nfJs1zu #ACPopeMusic",,https://t.co/oJFXtZq5NH,,,0
3165864498,Mel,PeachesBeaches5,Mon Apr 20 20:23:47 +0000 2015,620,237,179472,15869,4,,Huge soap fan #YR #BoldandBeautiful #Steam #Steffy #JMW ‚ù§Ô∏è Cleveland sports fan ‚öæÔ∏èüèÄüèà For Leah Remini's crusade against $cientology cult üëΩ #KamalaHarris2020 üíÅüèª,"San Diego, CA",,,,0
74518607,Lelia Vaughan,1Lelia,Tue Sep 15 18:36:47 +0000 2009,51,81,4920,2759,0,,,,,,,0
20332563,Dean Barker,deanbarker,Sat Feb 07 20:56:35 +0000 2009,5262,1261,5939,23102,185,,"""te veniente die, te decedente canebat"" Verg. Geo. IV.466",,,,,0
36231074,Deidre DeJear,DeidreDeJear,Wed Apr 29 00:41:59 +0000 2009,5482,768,1969,1350,94,,Full-Time Business Owner. Part-Time Volunteer. Voter. Wife. Foodie. Fan of Old Glory. üá∫üá∏üó≥‚ù£Ô∏è#KamalaHarris2020,"Iowa, Des Moines",https://t.co/E2nOB1nd9A,,,1
113439399,AmyPoehlerSmartGirls,smrtgrls,Thu Feb 11 19:26:31 +0000 2010,261873,3113,32295,29474,2594,,Change The World By Being Yourself! Instagram: AmyPoehlerSmartGirls Facebook: Amy Poehler's Smart Girls #SmartGirlsAsk,Worldwide,https://t.co/gNEV1CuVAh,,,1
54617733,Be A King,BerniceKing,Tue Jul 07 17:30:48 +0000 2009,248146,393,16741,12963,1667,,"Bernice A. King is a connector, communicator, community builder, CEO of @TheKingCenter, and child of legendary global influencers.","Atlanta, GA",https://t.co/zq0VeoIg6H,,,1
17137628,UN Women,UN_Women,Mon Nov 03 19:28:09 +0000 2008,1619558,3908,6103,55386,11962,,UN Women is the UN entity for #genderequality & women's empowerment. Executive Director: @phumzileunwomen.,Worldwide,https://t.co/4DTUCBK3dE,,,1
16000856,UFCW,UFCW,Tue Aug 26 18:50:39 +0000 2008,82083,58050,9478,19619,1043,,"The United Food and Commercial Workers is a family of hard-working men and women building a better life together, serving their communities. #union #retail","Washington, DC",https://t.co/Lhq4ItX8BL,,,1
930155773308612610,Indian American IMPACT Fund,IAImpactFund,Mon Nov 13 19:29:52 +0000 2017,1384,570,828,901,11,,"Impact Fund is a Political Action Committee that helps talented and patriotic Indian Americans run for office, win, and lead.",,https://t.co/WwxpJ6tUq7,,,0
14125897,Jeanne Shaheen,JeanneShaheen,Tue Mar 11 17:48:18 +0000 2008,15677,3257,71,1590,853,,U.S. Senator from New Hampshire. This is the Twitter account of Shaheen for Senate.,New Hampshire,http://t.co/5XyW6PDSLP,,,1
246939630,Shannon Watts,shannonrwatts,Thu Feb 03 19:32:59 +0000 2011,343534,9503,176277,106338,2760,,"Founder of @MomsDemand, grassroots army of @Everytown. The @NRA‚Äôs worst nightmare. Author of ‚ÄúFight Like A Mother.‚Äù IG: https://t.co/nS9vvTKwo3",,https://t.co/tP8yoCG89B,,,1
587536673,Giffords,GiffordsCourage,Tue May 22 16:10:22 +0000 2012,66043,1927,4340,15099,684,,"Founded by @GabbyGiffords and @ShuttleCDRKelly, Giffords is on a mission to save lives from gun violence.","Washington, DC",https://t.co/NB3NWyKEQV,,,1
49747296,Leslie Herod,leslieherod,Mon Jun 22 20:07:37 +0000 2009,4961,2045,4868,4612,92,,Colorado State Representative. @caring4denver will increase #mentalhealth and #addiction resources in #Denver. We have the #powerto heal.,Denver,https://t.co/Z5k8S3yVJw,,,1
14695985,SEIU,SEIU,Thu May 08 04:08:06 +0000 2008,87330,11884,5181,45502,2210,,"Official account of the Service Employees International Union, a leading voice for labor & change for working people. Union #1u Join us: https://t.co/fibKyNAilp","U.S., Canada, Puerto Rico",https://t.co/cqohIfQC5Y,,,1
158465784,Clark County Education Association,cceanv,Tue Jun 22 19:39:08 +0000 2010,3245,281,4121,8675,54,,CCEA is a union of educators committed to elevating the education profession. Sign up for membership today.,"Clark County, NV",https://t.co/Ht29EtG6ux,,,0
1093619068148559872,Gretchen Whitmer,gretchenwhitmer,Thu Feb 07 21:14:39 +0000 2019,2461,26,1,26,29,,Lifelong Michigander. Proud mom. Governor of Michigan. This is my personal account. For my official account visit @GovWhitmer.,"East Lansing, MI",https://t.co/q9pcfbnIwq,,,1
28495961,Anatole Jenkins,AnatoleJenkins,Fri Apr 03 03:52:14 +0000 2009,4385,1136,14226,7384,89,,Deputy National Field Director for @KamalaHarris. Patron of @pgaamcc & supporter of @charitywater. All about empowerment campaigning.,"Washington, DC",,,,1
19608297,Human Rights Campaign,HRC,Tue Jan 27 18:55:38 +0000 2009,820697,157544,18474,47506,8909,,"HRC is the nation‚Äôs largest LGBTQ civil rights organization. We envision a world where LGBTQ people are ensured equality at home, at work & in every community.","Washington, DC",https://t.co/aqJODv04ld,,,1
1148468052,Newtown Action,NewtownAction,Mon Feb 04 16:39:21 +0000 2013,31348,3228,4991,19719,371,,Newtown Action Alliance is a national grassroots grp formed after the shooting at Sandy Hook Elementary School to bring about legislative & cultural change.,"Sandy Hook, Connecticut ",https://t.co/VvvH6TguCE,,,1
3420477195,Full Frontal,FullFrontalSamB,Thu Aug 13 17:29:33 +0000 2015,569519,189,3162,4773,4143,,Samantha Bee: The Woman America Needs Half an Hour a Week. Wednesdays at 10:30/9:30c on @TBSNetwork. #SamanthaBee,,,,,1
250386727,Everytown,Everytown,Fri Feb 11 00:24:16 +0000 2011,225311,8447,44138,19391,1898,,Everytown for Gun Safety is a movement of Americans working together to end gun violence and build safer communities.,,https://t.co/ytCphRec4I,,,1
16513335,VoteVets,votevets,Mon Sep 29 16:00:48 +0000 2008,160506,3628,11157,15452,1549,,"Blocked by @realDonaldTrump. Since 2006, 600K veterans, military families, & supporters have been electing Veterans to office & fighting for progressive values.",United States,https://t.co/7RdMwFqnKv,,,1
17006036,NARAL,NARAL,Mon Oct 27 20:11:49 +0000 2008,192803,5957,20268,57272,2896,,NARAL Pro-Choice America fights to protect & expand reproductive freedom for all. #StopTheBans,"Washington, DC",https://t.co/FVWpmRfmi7,,,1
2528307996,Ally Maldonado,_allymaldonado,Tue May 27 21:34:31 +0000 2014,3921,332,57670,47009,44,,Entertainment enthusiast. Humanist. Optimist. Coffee lover. Avid tweeter. Adventurer. üéüüåªüè≥Ô∏è‚Äçüåà,"California, USA",,,,0
18120497,Robert Garcia,RobertGarciaLB,Sun Dec 14 18:45:09 +0000 2008,23461,2806,12253,15247,320,,Mayor of @LongBeachCity. Educator. Comics Geek. Optimist. Urbanist. Official mayoral office tweets @LongBeachMayor.,Long Beach,,,,1
350078359,Jerusalem Demsas,JeruDemsas,Sun Aug 07 05:05:35 +0000 2011,2031,1148,14739,1038,65,,South Carolina Communications Director for @KamalaHarris,"Columbia, SC",,,,0
26657119,MoveOn,MoveOn,Thu Mar 26 01:43:36 +0000 2009,345487,2676,5173,71816,6334,,"It's our democracy. Take action and get involved. Together, we can save it. https://t.co/jmLD2vTYG2",United States,https://t.co/75YvbpYTmT,,,1
15996416,Kristin Rowe-Finkbei,rowefinkbeiner,Tue Aug 26 13:50:50 +0000 2008,5083,1885,4167,7960,193,,"Kristin Rowe-Finkbeiner - MomsRising Executive Director/CEO, author, speaker, and radio host. #Risers *Views are my own.",,https://t.co/wXHgq7xWLa,,,1
18533219,Karine Jean-Pierre,K_JeanPierre,Thu Jan 01 19:00:22 +0000 2009,142137,3893,50275,15107,852,,"Chief Public Affairs Officer, @MoveOn. @NBC & @MSNBC Political Analyst. @BarackObama 2008/12 Campaigns & @ObamaWhiteHouse alum. Professor, @ColumbiaSIPA.",,https://t.co/syxV1p9DQv,,,1
1017637447,Moms Demand Action,MomsDemand,Mon Dec 17 14:52:28 +0000 2012,241661,10516,28034,35186,1820,,Join our grassroots movement of Americans demanding reasonable solutions to address our nation‚Äôs culture of gun violence. @MomsDemand is a part of @Everytown.,USA,https://t.co/U0ZLk1Xh2Z,,,1
357606935,Elizabeth Warren,ewarren,Thu Aug 18 16:43:48 +0000 2011,2717194,336,8,4749,12682,,"US Senator, MA. Former teacher & law professor. Wife, mom (Amelia, Alex, Bailey, @CFPB), grandmother, & Okie. Official account: 2020 Presidential Campaign.",Massachusetts,https://t.co/BtKfTKRCOR,,,1
1080586433088258048,Governor Sisolak,GovSisolak,Wed Jan 02 22:07:36 +0000 2019,7873,64,263,849,82,,Governor of Nevada. Proud Dad. Standing up for Nevada families and Nevada priorities.¬†,"Nevada, USA",https://t.co/9iq0pinVZs,,,1
27677483,ESSENCE,Essence,Mon Mar 30 16:45:45 +0000 2009,358487,13679,12559,117675,2929,,The official Twitter page of ESSENCE. Follow @ESSENCEFest now.,"Brooklyn, NY",https://t.co/guRDEsyZiT,,,1
36491229,KarenCarterPeterson,TeamKCP,Wed Apr 29 21:42:43 +0000 2009,12295,9314,14695,26815,267,,Dana's wife; LA St Sen; DNC VC for Civic Engagement & Voter Protection; Chair @LaDemos; DSTüî∫; Counsel @Dentons; @HowardU @TulaneLaw #NOLALove üíôüé£üç∑üé≠üá∫üá∏üíô,Louisiana,https://t.co/t98fWwfDjR,,,1
369602017,National Immigration Law Center,NILC,Wed Sep 07 16:47:34 +0000 2011,76629,1290,1529,21712,1241,,Defending and advancing the rights and opportunities of low-income immigrants and their family members. #ProtectTheDream #DreamAndPromiseNow,Nationwide,https://t.co/IA7K2djgB3,,,1
22162854,Planned Parenthood Action,PPact,Fri Feb 27 17:18:45 +0000 2009,495978,2281,5949,45937,5346,,"Paid for in part by Planned Parenthood Votes, 123 William St., NY NY 10038. Not authorized by any candidate or candidate's committee.",USA,https://t.co/MwnKtaso7n,,,1
414436134,Barbara Lee,BLeeForCongress,Thu Nov 17 01:52:10 +0000 2011,11990,803,136,4850,235,,"Thanks to voters, Barbara Lee represents CA's new 13th Congressional District. This is her campaign account.","Oakland, CA",http://t.co/jg0RvnVAeG,,,1
241201438,Bakari Sellers,Bakari_Sellers,Fri Jan 21 18:10:56 +0000 2011,210965,3709,13212,45971,1713,,Former SC House of Rep '06 - '14. Democratic nominee for Lt. Gov. '14. @CNN @StromLaw. Blocked by the most powerful man in the üåé. https://t.co/uxL2xu6HuF,"Denmark, SC",https://t.co/ZR4qMXo4gZ,,,1
59043857,Craig Brown,CraigBrownNH,Wed Jul 22 05:11:48 +0000 2009,1366,764,2116,2082,60,,"NH State Director for @KamalaHarris. Past: @NHMollyKelly @JoyceCraigNH 
Always: #Craig4Craig","Manchester, NH",,,,0
1596835069,Univision News,UnivisionNews,Mon Jul 15 21:37:01 +0000 2013,24701,228,2035,4831,282,,The news that matters to US Latinos‚Äîin English. Y para leerlo en espa√±ol: @UniNoticias.,,https://t.co/Gi8U6IZHbe,,,1
617532190,Mariah Gould,mariahtgould,Sun Jun 24 22:23:17 +0000 2012,435,348,4184,2799,12,,"Now: #ForThePeople with Team Kamala in Iowa. Then: @VAHouseDems, @PADems, @VADemocrats, @HFA. @UTKnoxville alum. #mancityüá¨üáß","Richmond, VA",,,,0
1131923362991759360,Mamas4Kamala,mamas4kamala,Fri May 24 14:02:14 +0000 2019,243,31,836,335,0,,"A national group of moms, caregivers, moms-to-be, grandmas, aunts, and all the parental figures in between, working to elect Kamala Harris for President in 2020",,,,,0
